,DOI,Paper title,Abstract,Journal,URL,Functions,PDF,Press release,publisher
1,10.1242/jeb.226654,Remoras pick where they stick on blue whales,,Journal of Experimental Biology (JEB),https://jeb.biologists.org/content/223/20/jeb226654,,,https://www.sciencedaily.com/releases/2020/10/201028195617.htm,jeb
2,,,,Science,https://www.nature.com/articles/s42004-019-0202-8,,,,nature
129,,,,PNAS,https://www.pnas.org/content/early/2020/03/18/1919607117,Prevent deformation,,https://engineering.princeton.edu/news/2020/03/20/mechanical-forces-shape-bacterial-biofilms-puzzling-patterns,pnas
130,,,,"PNAS,Annual Review of Immunology,General and Comparative Endocrinology",https://www.pnas.org/content/early/2010/10/11/1008768107/tab-article-info,,,https://www.eurekalert.org/pub_releases/2010-10/pues-nsd101910.php,pnas
131,,,,PNAS,https://www.pnas.org/content/early/2009/12/01/0908205107,Chemically assemble mineral crystals,,https://www.eurekalert.org/pub_releases/2009-11/dlnl-swa112309.php,pnas
132,,,,PNAS,https://www.pnas.org/content/112/16/4976,Attach permanently,,,pnas
133,,,,PNAS,https://www.pnas.org/content/112/16/4976,Manage tension,,,pnas
134,,,,PNAS,https://www.pnas.org/content/109/52/21289,"Manage shear,Move in/on solids",,https://issuu.com/eggermont/docs/zq_issue_12/18,pnas
135,,,,PNAS,https://www.pnas.org/content/109/46/18674,Transform radiant energy (light),,"http://pubsapp.acs.org/cen/science/84/8414biolum.html?
https://www.chemistryworld.com/research/fireflies-inspire-low-cost-led-lighting/5573.article",pnas
136,,,,PNAS,https://www.pnas.org/content/109/46/18674,"Distribute energy,Navigate through air",,https://www.chemistryworld.com/research/fireflies-inspire-low-cost-led-lighting/5573.article,pnas
137,,,,PNAS,https://www.pnas.org/content/109/39/15712,"Modify light/color,Send light signals in the visible spectrum",,,pnas
138,,,,PNAS,https://www.pnas.org/content/109/12/E690,Attach permanently,,http://www.ox.ac.uk/news/science-blog/flesh-eating-bacteria-inspire-superglue,pnas
139,,,,"PNAS,Nature",https://www.pnas.org/content/108/Supplement_2/10831,"Cooperate/compete between different species,Protect from microbes",,"https://www.eurekalert.org/pub_releases/2011-06/uow-bdr062011.php
https://www.eurekalert.org/pub_releases/2011-06/uow-bdr062011.php
",pnas
140,,,,PNAS,https://www.pnas.org/content/108/46/18726,"Coordinate by self-organization,Navigate through liquid,Respond to signals",,,pnas
141,,,,"Ecology,Ecological Applications,PNAS",https://www.pnas.org/content/108/41/17034,,,,pnas
142,,,,PNAS,https://www.pnas.org/content/108/41/17028,"Chemically assemble polymers,Protect from chemicals",,,pnas
143,,,,PNAS,https://www.pnas.org/content/108/38/15978,,,https://www.sciencedaily.com/releases/2011/09/110919151306.htm,pnas
144,,,,PNAS,https://www.pnas.org/content/108/34/E550,"Attach temporarily,Move in/on liquids",,,pnas
145,,,,PNAS,https://www.pnas.org/content/108/27/11291,"Sense balance/orientation,Sense motion",,https://www.bbc.com/news/science-environment-13809148,pnas
146,,,,PNAS,https://www.pnas.org/content/108/23/9356,"""Capture, absorb, or filter liquids""",,,pnas
147,,,,PNAS,https://www.pnas.org/content/108/16/6497,"Cooperate/compete between different species,""Capture, absorb, or filter energy"",""Capture, absorb, or filter gases"",""Capture, absorb, or filter organisms""",,https://www.nature.com/news/2010/100730/full/news.2010.384.html,pnas
148,,,,PNAS,https://www.pnas.org/content/108/14/5897,"Catalyze chemical breakdown,Protect from animals",,,pnas
149,,,,PNAS,https://www.pnas.org/content/108/14/5516,"Modify position,Modify size/shape/mass/volume",,http://news.bbc.co.uk/earth/hi/earth_news/newsid_9429000/9429516.stm,pnas
150,,,,PNAS,https://www.pnas.org/content/108/11/4322,"Manage compression,Manage tension,Modify material characteristics",,https://www.eurekalert.org/pub_releases/2011-03/uom-str030111.php,pnas
151,,,,PNAS,https://www.pnas.org/content/108/9/3653,"Modify material characteristics,Modify phase",,,pnas
152,,,,PNAS,https://www.pnas.org/content/108/8/3175,Chemically assemble mineral crystals,,https://schaechter.asmblog.org/schaechter/2011/05/hard-biology.html,pnas
153,,,,PNAS,https://www.pnas.org/content/108/6/2184,"Adapt phenotype,Optimize shape/materials,Regulate cellular processes",,,pnas
154,,,,PNAS,https://www.pnas.org/content/108/3/995,"Chemically assemble polymers,Protect from excess liquids,Protect from gases",,,pnas
155,,,,PNAS,https://www.pnas.org/content/107/44/18903.full,"Modify position,Optimize shape/materials",,,pnas
157,,,,PNAS,https://www.pnas.org/content/107/34/15129,"Expel liquids,Expel solids,""Capture, absorb, or filter organisms"",""Capture, absorb, or filter solids""",,,pnas
158,,,,PNAS,https://www.pnas.org/content/107/17/7835,"Modify material characteristics,Protect from temperature",,,pnas
159,,,,"PNAS,Bioinspiration & Biomimetics",https://www.pnas.org/content/107/15/7048,"Navigate through air,Sense sound and other vibrations from the environment",,https://blogs.scientificamerican.com/observations/bats-re-tune-echolocation-and-use-the-suns-glow-to-navigate-near-and-far/,pnas
160,,,,PNAS,https://www.pnas.org/content/107/15/6941,"Navigate through air,Sense balance/orientation",,https://blogs.scientificamerican.com/observations/bats-re-tune-echolocation-and-use-the-suns-glow-to-navigate-near-and-far/,pnas
161,,,,"Weird Nature: An Astonishing Exploration of Nature's Strangest Behavior,PNAS,Journal of Experimental Zoology,Proceedings of the Royal Society B",https://www.pnas.org/content/107/12/5495,"Manage mechanical wear,Modify speed,Move in/through gases",,,pnas
162,,,,PNAS,https://www.pnas.org/content/107/11/4820,"Modify position,Move in/through gases,Navigate through air,Protect from wind",,https://www.sciencedaily.com/releases/2010/03/100301151933.htm,pnas
163,,,,PNAS,https://www.pnas.org/content/107/5/2082,"""Capture, absorb, or filter organisms""",,https://www.nature.com/news/2010/100111/full/news.2010.5.html?s=news_rss#B2,pnas
164,,,,PNAS,https://www.pnas.org/content/107/3/987,,,http://news.mit.edu/2010/snail-shell,pnas
165,,,,PNAS,https://www.pnas.org/content/106/48/20210,"Protect from ice,Protect from temperature",,https://www.nytimes.com/2010/01/19/science/19creatures.html,pnas
166,,,,PNAS,https://www.pnas.org/content/106/46/19334,"Protect from temperature,Regulate cellular processes",,,pnas
167,,,,PNAS,https://www.pnas.org/content/106/46/19334,"Protect from chemicals,Protect from loss of liquids,Regulate cellular processes",,https://www.seeker.com/worlds-hardiest-life-form-explained-1764735355.html,pnas
168,,,,"PNAS,Current Biology",https://www.pnas.org/content/106/38/16185,"Maintain homeostasis,Sense temperature cues from the environment",,,pnas
169,,,,PNAS,https://www.pnas.org/content/106/36/15394,"Cooperate/compete between different species,""Capture, absorb, or filter chemical entities""",,https://www.livescience.com/5593-secret-cicada-abundance-bacteria.html,pnas
170,,,,PNAS,https://www.pnas.org/content/106/18/7289,"Manage compression,Manage tension",,,pnas
171,,,,"PNAS,Nature Reviews Microbiology",https://www.pnas.org/content/105/13/5139,"Modify free radical reactivity,Protect from nuclear radiation",,,pnas
172,,,,PNAS,https://www.pnas.org/content/105/13/5139,"Protect from animals,Regulate reproduction or growth",,,pnas
173,,,,"PNAS,Journal of Chemical Ecology",https://www.pnas.org/content/104/43/16964,"Protect from plants,Regulate reproduction or growth,""Biological control of populations, pests, diseases""",,,pnas
174,,,,"PNAS,Behavioral Ecology and Sociobiology,""The Bees of the World, Second Edition"",The Beekeeper's Handbook",https://www.pnas.org/content/104/36/14383,"Cooperate within the same species,Sense sound and other vibrations from the environment,""Sense chemicals (odor, taste, etc.) from the environment""",,,pnas
175,,,,PNAS,https://www.pnas.org/content/104/18/7600,Chemically break down organic compounds,,,pnas
176,,,,PNAS,https://www.pnas.org/content/104/18/7600,"Chemically generate flow of electrons (redox),Modify chemical potential",,,pnas
177,,,,PNAS,https://www.pnas.org/content/103/46/17543,Transform mechanical energy,,,pnas
178,,,,PNAS,https://www.pnas.org/content/103/15/5764.full?m,Attach permanently,,http://pubsapp.acs.org/cen/news/84/i16/8416biomaterials.html?,pnas
179,,,,"PNAS,Journal of Experimental Biology (JEB),Physiological and Biochemical Zoology,Annual Review of Fluid Mechanics",https://www.pnas.org/content/102/50/18213.full?origin=publication_detail,Move in/through gases,,,pnas
180,,,,"PNAS,Nature",https://www.pnas.org/content/102/7/2555.full,"Regulate reproduction or growth,Transform chemical energy",,,pnas
181,,,,PNAS,https://www.pnas.org/content/102/2/385,"Attach temporarily,Move in/on solids,Protect from dirt/solids,Protect from excess liquids",,,pnas
182,,,,"PNAS,Plant Signaling & Behavior,Proceedings of the Royal Society B",https://www.pnas.org/content/101/39/14138,,,,pnas
183,,,,PNAS,https://www.pnas.org/content/98/24/13745,"Protect from animals,Send light signals in the non-visible spectrum",,,pnas
184,,,,"For the Love of Insects,PNAS,Integrative and Comparative Biology",https://www.pnas.org/content/97/12/6568,Attach temporarily,,,pnas
185,,,,"Design and Nature II: Comparing Design in Nature with Science and Engineering,PNAS,Journal of Experimental Biology (JEB)",https://www.pnas.org/content/96/17/9705,"Expel liquids,Transform thermal energy",,,pnas
212,,,,Scientific Reports,https://www.nature.com/articles/srep18140,,,"https://www.smithsonianmag.com/smart-news/dung-beetles-offset-climate-change-2815126/

https://www.nationalgeographic.com/news/2013/9/130904-dung-beetles-global-warming-animals-science/",nature
213,,,,Scientific Reports,https://www.nature.com/articles/srep11890,Coordinate by self-organization,,https://www.nytimes.com/2020/03/02/science/animals-voting-elections.html,nature
214,,,,Scientific Reports,https://www.nature.com/articles/srep06004,Sense light (visible spectrum) from the environment,,,nature
215,,,,"Scientific Reports,Neuroscience",https://www.nature.com/articles/srep02617,"Sense shape and pattern in a living system,Sense touch and mechanical forces in a living system",,,nature
216,,,,Scientific Reports,https://www.nature.com/articles/srep02108,"Manage impact,""Capture, absorb, or filter organisms"",""Capture, absorb, or filter liquids""",,http://www.natureworldnews.com/articles/2812/20130705/spider-webs-react-electrically-charged-insects-increasing-capture-chances-video.htm,nature
217,,,,Scientific Reports,https://www.nature.com/articles/srep01846,"""Capture, absorb, or filter energy""",,,nature
218,,,,"Frontiers in Immunology,Scientific Reports",https://www.nature.com/articles/s41598-020-64264-1,,,,nature
219,,,,Scientific Reports,https://www.nature.com/articles/s41598-019-39583-7,"Protect from microbes,Cooperate/compete between different species,Manage disturbance in a community,""Biological control of populations, pests, diseases""",,https://www.sciencedaily.com/releases/2019/03/190301123242.htm,nature
220,,,,"AIP Conference Proceedings,Nature,RSC Advances",https://www.nature.com/articles/s41598-018-26571-6,Modify light/color,,,nature
221,,,,Nature,https://www.nature.com/articles/s41586-020-1990-9,"Protect from microbes,Regulate reproduction or growth",,https://www.sciencedaily.com/releases/2020/02/200212131523.htm,nature
222,,,,Nature plants,https://www.nature.com/articles/s41477-018-0330-7,,,https://phys.org/news/2018-12-uncover-molecular-sporopollenin-polymer.html,nature
223,,,,Nature communications,https://www.nature.com/articles/s41467-020-14547-y.pdf?origin=ppub,Coordinate by self-organization,,,nature
224,,,,Nature communications,https://www.nature.com/articles/s41467-019-13660-x,"Cooperate within the same species,Physically assemble structure,Protect from chemicals",,https://nieuws.kuleuven.be/en/content/2020/researchers-discover-new-strategy-in-the-fight-against-antibiotic-resistance,nature
225,,,,"Nature Reviews Microbiology,Macromolecular Bioscience",https://www.nature.com/articles/nrmicro2354,Chemically assemble polymers,,,nature
226,,,,Nature Reviews Microbiology,https://www.nature.com/articles/nrmicro1442,"Chemically generate flow of electrons (redox),Modify oxidation state",,,nature
227,,,,"Nature Reviews Microbiology,The Hidden Powers of Animals: Uncovering the Secrets of Nature",https://www.nature.com/articles/nrmicro842,"Modify position,Sense balance/orientation,Sense electricity/magnetism from the environment",,,nature
228,,,,"Microporous and Mesoporous Materials,Annual Review of Microbiology",https://www.nature.com/articles/nrmicro.2018.10,"Catalyze chemical breakdown,""Capture, absorb, or filter energy"",""Modify concentration (of ions, solutes, etc)""",,,nature
229,,,,"Nature Reviews Molecular Cell Biology,Journal of Biological Chemistry",https://www.nature.com/articles/nrm2417,"Compute,Differentiate signal from noise,Learn,Respond to signals,Send electrical/magnetic signals,Transduce/convert signals",,,nature
230,,,,Nature Reviews Molecular Cell Biology,https://www.nature.com/articles/nrm1130,Modify material characteristics,,,nature
231,,,,Nature Physics,https://www.nature.com/articles/nphys1797,"Chemically assemble molecular devices,Chemically assemble on demand,Physically assemble structure",,,nature
232,,,,Nature Nanotechnology,https://www.nature.com/articles/nnano.2011.12,"""Capture, absorb, or filter chemical entities"",""Sense chemicals (odor, taste, etc.) from the environment""",,https://www.eurekalert.org/pub_releases/2011-02/uom-sma022811.php,nature
233,,,,Nature Materials,https://www.nature.com/articles/nmat858,"Physically assemble structure,""Capture, absorb, or filter organisms""",,,nature
234,,,,Nature Immunology,https://www.nature.com/articles/ni1503,Maintain homeostasis,,,nature
235,,,,"Nature communications,Nature",https://www.nature.com/articles/ncomms11092,"Distribute solids,""Capture, absorb, or filter organisms"",""Capture, absorb, or filter solids""",,https://theconversation.com/what-can-fish-mouths-teach-us-about-engineering-clog-free-filters-56877,nature
236,,,,Nature communications,https://www.nature.com/articles/ncomms1373,Chemically break down polymers,,,nature
237,,,,Nature Chemical Biology,https://www.nature.com/articles/nchembio0907-537,Cleave heavy metals from organic compunds,,http://pubsapp.acs.org/cen/news/85/i29/8529notw8.html?,nature
238,,,,"Nature Chemical Biology,Nature",https://www.nature.com/articles/nchembio0906-453,Chemically generate flow of electrons (redox),,,nature
239,,,,Nature Chemical Biology,https://www.nature.com/articles/nchembio0207-86,Catalyze chemical breakdown,,,nature
240,,,,Nature Chemical Biology,https://www.nature.com/articles/nchembio0107-15,"Protect from chemicals,Store chemical entities,""Capture, absorb, or filter chemical entities""",,,nature
241,,,,Nature Chemical Biology,https://www.nature.com/articles/nchembio.2007.5,"Protect from animals,""Send chemical signals (odor, taste, etc.)""",,,nature
242,,,,"Nature Chemical Biology,Journal of Biological Chemistry,Science",https://www.nature.com/articles/nchembio.1842,"Attach permanently,Physically assemble structure,""Capture, absorb, or filter organisms""",,,nature
243,,,,Nature Chemical Biology,https://www.nature.com/articles/nchembio.331,,,https://www.sciencedaily.com/releases/2010/02/100228131339.htm,nature
244,,,,Nature Chemistry,https://www.nature.com/articles/nchem.822,"Chemically assemble polymers,Chemically break down polymers,""Sense chemicals (odor, taste, etc.) from the environment""",,https://www.sciencenews.org/article/light-harvesting-complexes-do-it-themselves,nature
245,,,,Nature,https://www.nature.com/articles/nature12740,,,,nature
246,,,,"Nature,Journal of comparative physiology",https://www.nature.com/articles/nature10245,Sense temperature cues from the environment,,https://www.nature.com/news/2011/110803/full/news.2011.454.html,nature
247,,,,Nature,https://www.nature.com/articles/nature09265,"Catalyze chemical breakdown,Chemically assemble metal-based compounds",,,nature
248,,,,"The Hidden Powers of Animals: Uncovering the Secrets of Nature,Nature",https://www.nature.com/articles/nature08943,"Sense temperature cues from the environment,""Capture, absorb, or filter organisms""",,https://www.nature.com/news/2010/100314/full/news.2010.122.html?s=news_rss,nature
249,,,,"The Hidden Powers of Animals: Uncovering the Secrets of Nature,Nature",https://www.nature.com/articles/nature08943,"Sense temperature cues from the environment,""Capture, absorb, or filter organisms""",,https://www.nature.com/news/2010/100314/full/news.2010.122.html?s=news_rss,nature
250,,,,"Nature,PNAS",https://www.nature.com/articles/nature08936,"Chemically assemble on demand,Modify material characteristics,Store chemical entities",,"https://www.sciencedaily.com/releases/2010/05/100512131511.htm
https://www.scientificamerican.com/article/researchers-build-micro-s/",nature
251,,,,Nature,https://www.nature.com/articles/nature08729,"""Capture, absorb, or filter liquids""",,,nature
252,,,,Nature,https://www.nature.com/articles/nature08698,Maintain homeostasis,,https://www.sciencedaily.com/releases/2010/01/100120131153.htm,nature
253,,,,Nature,https://www.nature.com/articles/nature06154,,,,nature
254,,,,Nature,https://www.nature.com/articles/nature06101,"""Sense chemicals (odor, taste, etc.) from the environment""",,,nature
255,,,,Nature,https://www.nature.com/articles/nature06062,"""Capture, absorb, or filter organisms""",,,nature
256,,,,"Nature,Journal of Experimental Biology (JEB)",https://www.nature.com/articles/nature05733,Move in/through gases,,,nature
257,,,,Nature,https://www.nature.com/articles/nature05678,Distribute energy,,,nature
258,,,,Nature,https://www.nature.com/articles/nature05466,"""Sense chemicals (odor, taste, etc.) from the environment""",,,nature
259,,,,Nature,https://www.nature.com/articles/nature03661,"Adapt genotype,Optimize shape/materials,Respond to signals,Transduce/convert signals",,https://www.asmscience.org/content/journal/microbe/10.1128/microbe.4.506.1,nature
260,,,,"Nature,Proceedings of the Royal Society B,Journal of the Royal Society Interface",https://www.nature.com/articles/nature03647,"Modify buoyancy,Modify position,Modify speed,Move in/through gases",,https://www.nature.com/news/hummingbird-flight-has-a-clever-twist-1.9639#b2,nature
261,,,,"Nature,Current Biology",https://www.nature.com/articles/nature03185,"Sense touch and mechanical forces in a living system,""Capture, absorb, or filter organisms""",,,nature
262,,,,Nature,https://www.nature.com/articles/nature03185,"Modify size/shape/mass/volume,Transform mechanical energy,""Capture, absorb, or filter organisms""",,https://www.scientificamerican.com/article/secret-of-the-venus-fly-t/,nature
263,,,,Nature,https://www.nature.com/articles/nature02435,"Modify speed,Move in/on liquids",,,nature
264,,,,Nature,https://www.nature.com/articles/nature02403,"Optimize shape/materials,Physically assemble structure,""Capture, absorb, or filter energy""",,https://www.wur.nl/nl/show/Tough-leaves-live-longer.htm,nature
265,,,,Nature,https://www.nature.com/articles/nature01416,"Manage compression,Manage impact,Manage tension",,,nature
266,,,,"The ISME Journal,Science",https://www.nature.com/articles/ismej200775,"""Capture, absorb, or filter chemical entities""",,,nature
267,,,,The ISME Journal,https://www.nature.com/articles/ismej20074,Transform electrical energy,,,nature
268,,,,Nature,https://www.nature.com/articles/35099670,"Modify buoyancy,Move in/through gases",,,nature
269,,,,"Nature,Journal of Materials Chemistry",https://www.nature.com/articles/35090573,Sense light (visible spectrum) from the environment,,,nature
270,,,,"Design and Nature II: Comparing Design in Nature with Science and Engineering,Nature",https://www.nature.com/articles/35082144,Sense sound and other vibrations from the environment,,,nature
271,,,,Nature,https://www.nature.com/articles/35070695,Sense sound and other vibrations from the environment,,https://news.cornell.edu/stories/2001/04/super-fly-lends-ear-bio-inspired-hearing-aids-and-robotic-listening-devices-cornell,nature
272,,,,Nature,https://www.nature.com/articles/35018159,"Catalyze chemical breakdown,Protect from chemicals",,,nature
273,,,,Nature,https://www.nature.com/articles/4401005a,"Manage compression,Manage tension",,,nature
274,,,,Nature,https://www.nature.com/articles/4401005a,"Manage compression,Manage tension",,https://www.newscientist.com/article/mg17924041-900-soft-shelled-crabs-get-all-pumped-up/,nature
275,,,,Nature,https://www.nature.com/articles/449151a,,,,nature
276,,,,Nature,https://www.nature.com/articles/438442a,"Coordinate by self-organization,""Send chemical signals (odor, taste, etc.)""",,,nature
277,,,,Nature,https://www.nature.com/articles/435164a,"Expel solids,Modify speed,Move in/through gases,Pollinate",,,nature
278,,,,Nature,https://www.nature.com/articles/424899a,,,https://www.scientificamerican.com/article/sea-sponge-inspires-bette/,nature
279,,,,Nature,https://www.nature.com/articles/423923a,Distribute liquids,,,nature
280,,,,Nature,https://www.nature.com/articles/423021a,"""Modify concentration (of ions, solutes, etc)""",,,nature
281,,,,Nature,https://www.nature.com/articles/421495a,Sense temperature cues from the environment,,,nature
282,,,,"Nature,Design and Nature II: Comparing Design in Nature with Science and Engineering",https://www.nature.com/articles/420475a,Send sound signals,,,nature
283,,,,"Nature,The Private Life of Plants",https://www.nature.com/articles/378766a0,,,,nature
284,,,,"Nature,The Hidden Powers of Animals: Uncovering the Secrets of Nature,Journal of the American Chemical Society",https://www.nature.com/articles/325146a0,"Protect from ice,Protect from temperature",,https://www.eurekalert.org/pub_releases/2010-08/rb-wfd082510.php,nature
285,,,,"Nature,Science of the Total Environment",https://www.nature.com/articles/297062a0,"Chemically break down organic compounds,Protect from chemicals",,,nature
286,,,,"Nature,Earth Surface Processes and Landforms",https://www.nature.com/articles/247074a0.pdf?proof=true,"Store chemical entities,""Capture, absorb, or filter chemical entities""",,,nature
287,,,,Nature,https://www.nature.com/articles/217086b0,Distribute liquids,,,nature
288,,,,"The Hidden Powers of Animals: Uncovering the Secrets of Nature,Nature,The Canadian Entomologist",https://www.nature.com/articles/176657a0.epdf,"Coordinate activities,Regulate reproduction or growth,Sense time and day length",,,nature
289,,,,"The Hidden Powers of Animals: Uncovering the Secrets of Nature,Nature",https://www.nature.com/articles/30871,,,,nature
534,,,,Naturwissenschaften,https://pubmed.ncbi.nlm.nih.gov/22057952/,"Attach temporarily,Chemically assemble organic compounds",,,pubmed
535,,,,"For the Love of Insects,Integrative and Comparative Biology",https://pubmed.ncbi.nlm.nih.gov/21680397/,"Attach permanently,Attach temporarily",,,pubmed
536,,,,"American Journal of Botany,Botanical Review",https://pubmed.ncbi.nlm.nih.gov/21636505/,"Disperse seeds,Move in/through gases,Pollinate",,,pubmed
537,,,,Phytochemistry,https://pubmed.ncbi.nlm.nih.gov/20655556/,"Protect from animals,Protect from fungi,Protect from microbes",,,pubmed
538,,,,Biological Bulletin,https://pubmed.ncbi.nlm.nih.gov/20570851/,"Chemically assemble on demand,Protect from animals",,,pubmed
539,,,,Journal of Structural Biology,https://pubmed.ncbi.nlm.nih.gov/20433929/,"Prevent deformation,Prevent fracture/rupture,Protect from animals",,,pubmed
540,,,,New Phytologist,https://pubmed.ncbi.nlm.nih.gov/20298484/,"Cooperate within an ecosystem,Protect from animals",,https://www.sciencedaily.com/releases/2010/03/100309202931.htm,pubmed
541,,,,Chemical Communications,https://pubmed.ncbi.nlm.nih.gov/20024205/,"Physically assemble structure,Regulate cellular processes",,https://www.abc.net.au/science/articles/2009/12/01/2758262.htm,pubmed
542,,,,"For the Love of Insects,Medical and Veterinary Entomology",https://pubmed.ncbi.nlm.nih.gov/19712151/,"Protect from animals,""Send chemical signals (odor, taste, etc.)""",,,pubmed
544,,,,"The Hidden Powers of Animals: Uncovering the Secrets of Nature,Molecular Biology and Evolution",https://pubmed.ncbi.nlm.nih.gov/17703050/,Attach permanently,,,pubmed
545,,,,Plant and Cell Physiology,https://pubmed.ncbi.nlm.nih.gov/17504814/,Modify position,,,pubmed
546,,,,Photosynthesis Research,https://pubmed.ncbi.nlm.nih.gov/17497225/,"""Capture, absorb, or filter chemical entities"",""Capture, absorb, or filter gases""",,,pubmed
547,,,,Current Opinion in Biotechnology,https://pubmed.ncbi.nlm.nih.gov/17493798/,Chemically break down organic compounds,,,pubmed
548,,,,"Current Issues in Molecular Biology,Journal of Polymers and the Environment",https://pubmed.ncbi.nlm.nih.gov/17263145/,Chemically assemble polymers,,,pubmed
549,,,,The Journal of Biochemistry,https://pubmed.ncbi.nlm.nih.gov/16963787/,Send light signals in the visible spectrum,,,pubmed
550,,,,Microbial Ecology,https://pubmed.ncbi.nlm.nih.gov/16944346/,Chemically break down organic compounds,,,pubmed
551,,,,Molecular BioSystems,https://pubmed.ncbi.nlm.nih.gov/16880983/,,,,pubmed
553,,,,Physical Review E,https://pubmed.ncbi.nlm.nih.gov/16711845/,"Send light signals in the visible spectrum,Transform radiant energy (light)",,,pubmed
554,,,,Plant Physiology,https://pubmed.ncbi.nlm.nih.gov/16461386/,"Send light signals in the non-visible spectrum,Transform thermal energy",,,pubmed
555,,,,Annals of Botany,https://pubmed.ncbi.nlm.nih.gov/16287905/,"Disperse seeds,Distribute solids",,,pubmed
556,,,,Physical Review E,https://pubmed.ncbi.nlm.nih.gov/15697629/,Protect from light,,https://www.newscientist.com/article/mg19626285-100-slap-on-the-edelweiss-for-the-ultimate-sunscreen/,pubmed
558,,,,Journal of Comparative Physiology B,https://pubmed.ncbi.nlm.nih.gov/15578188/,"Cycle nutrients,Expel gases,Maintain homeostasis,Modify phase,Protect from chemicals",,,pubmed
559,,,,"How Life Learned to Live: Adaptation in Nature,Naturwissenschaften",https://pubmed.ncbi.nlm.nih.gov/15257392/,"Physically assemble structure,Sense shape and pattern in a living system",,,pubmed
560,,,,Journal of Morphology,https://pubmed.ncbi.nlm.nih.gov/15164371/,"Move in/on liquids,Store energy",,,pubmed
561,,,,Naturwissenschaften,https://pubmed.ncbi.nlm.nih.gov/14740100/,"Optimize shape/materials,Sense light (visible spectrum) from the environment",,,pubmed
562,,,,Science,https://pubmed.ncbi.nlm.nih.gov/14716016/,Modify light/color,,https://issuu.com/eggermont/docs/zq_issue_04_final/10?e=15278665/11095718,pubmed
563,,,,Rapid Commun Mass Spectrom.,https://pubmed.ncbi.nlm.nih.gov/12717761/,"Protect from light,Protect from loss of liquids",,,pubmed
564,,,,Plant Physiology,https://pubmed.ncbi.nlm.nih.gov/12231662/,"Modify material characteristics,Protect from temperature",,https://www.newscientist.com/article/mg13818692-400-science-how-plants-prepare-for-the-cold-of-night/,pubmed
565,,,,Science,https://pubmed.ncbi.nlm.nih.gov/11935026/,"""Send chemical signals (odor, taste, etc.)""",,,pubmed
566,,,,Biosensors and Bioelectronics,https://pubmed.ncbi.nlm.nih.gov/11849930/,"Modify light/color,Protect from animals,Protect from light,Protect from temperature,""Sense chemicals (odor, taste, etc.) from the environment""",,https://www.newscientist.com/article/mg17323323-900-amphibian-detectives/,pubmed
567,,,,"Journal of Investigative Dermatology,The grand design: Form and colour in animals",https://pubmed.ncbi.nlm.nih.gov/11676819/,Physically assemble structure,,,pubmed
568,,,,"Comparative Biomechanics: Life's Physical World,Journal of Experimental Botany",https://pubmed.ncbi.nlm.nih.gov/11141182/,Protect from wind,,,pubmed
569,,,,"Planta,Environmental Pollution and Plant Responses",https://pubmed.ncbi.nlm.nih.gov/10750904/,"Expel gases,""Capture, absorb, or filter chemical entities""",,,pubmed
570,,,,"Comparative Biomechanics: Life's Physical World,Journal of Experimental Biology (JEB)",https://pubmed.ncbi.nlm.nih.gov/9787125/,Prevent buckling,,,pubmed
571,,,,"The Hidden Powers of Animals: Uncovering the Secrets of Nature,Journal of Experimental Biology (JEB)",https://pubmed.ncbi.nlm.nih.gov/9547323/,"Sense light (non-visible spectrum) from the environment,Sense light (visible spectrum) from the environment,Sense shape and pattern in a living system,Transduce/convert signals",,,pubmed
573,,,,"Comparative Biomechanics: Life's Physical World,Journal of Experimental Biology (JEB)",https://pubmed.ncbi.nlm.nih.gov/1159370/,"Store energy,Transform mechanical energy",,,pubmed
635,,,,"Environmental Science and Pollution Research,Chemosphere,Frontiers in Microbiology",https://link.springer.com/article/10.1065/espr2004.08.213,"Cooperate/compete between different species,Chemically break down organic compounds",,https://www.sciencedaily.com/releases/2013/09/130918181104.htm,springer
637,,,,"Planta,Mycopathologica",https://link.springer.com/article/10.1023/A:1023334628751,Protect from fungi,,,springer
638,,,,"Photosynthesis Research,Carbon Dioxide Fixation",https://link.springer.com/article/10.1023/A:1022421515027,"Catalyze chemical breakdown,Chemically assemble organic compounds,Chemically break down inorganic compounds",,,springer
645,,,,"Journal of Bionic Engineering,Beilstein Journal of Nanotechnology",https://link.springer.com/article/10.1016%2FS1672-6529%2811%2960018-8,Sense light (non-visible spectrum) from the environment,,,springer
650,,,,"Ecosystems,Scientific American,Nature",https://link.springer.com/article/10.1007%2Fs100219900038,,,"https://hbr.org/2001/05/swarm-intelligence-a-whole-new-way-to-think-about-business
https://www.scientificamerican.com/article/swarm-smarts-2008-02/",springer
653,,,,"Planta,Functional Plant Biology",https://link.springer.com/article/10.1007%2Fs004250100576,Modify material characteristics,,,springer
658,,,,"Arthropod-Plant Interactions,Current Biology",https://link.springer.com/article/10.1007%2Fs11829-007-9002-7,Respond to signals,,,springer
664,,,,"Microfluidics and Nanofluidics,PNAS",https://link.springer.com/article/10.1007%2Fs10404-007-0163-6,"Distribute gases,Distribute liquids",,,springer
665,,,,"Journal of Ethology,Arthropod Structure & Development",https://link.springer.com/article/10.1007%2Fs10164-010-0222-4,"Attach temporarily,Move in/on solids,""Capture, absorb, or filter organisms""",,http://news.bbc.co.uk/earth/hi/earth_news/newsid_8795000/8795703.stm,springer
674,,,,"Histochemistry and Cell Biology,Gene",https://link.springer.com/article/10.1007%2Fs00418-011-0904-1,"Distribute liquids,Distribute solids,Expel liquids,Expel solids,Protect from dirt/solids,Protect from excess liquids,Protect from microbes,Regulate cellular processes,Regulate reproduction or growth",,,springer
692,,,,"Zoomorphology,Annual Review of Entomology",https://link.springer.com/article/10.1007%2FBF01632816,"Modify position,Modify size/shape/mass/volume",,,springer
701,,,,"Marine Biology,Marine & Freshwater Research",https://link.springer.com/article/10.1007%2FBF00346343,Protect from light,,,springer
703,,,,"Comparative Biomechanics: Life's Physical World,Materials Science and Engineering,Zeitschrift für Zellforschung und Mikroskopische Anatomie",https://link.springer.com/article/10.1007%2FBF00340948,"Break down living materials,Break down non-living materials,Modify material characteristics",,,springer
704,,,,"Comparative Biomechanics: Life's Physical World,Zeitschrift für Zellforschung und Mikroskopische Anatomie,Materials Science and Engineering",https://link.springer.com/article/10.1007%2FBF00340948,"Break down living materials,Break down non-living materials,Modify material characteristics",,,springer
776,,,,"How Life Learned to Live: Adaptation in Nature,Journal of Experimental Biology (JEB)",https://jeb.biologists.org/content/jexbio/203/23/3585.full.pdf,"Manage compression,Modify buoyancy,Modify position,Move in/on liquids",,,jeb
780,,,,Journal of Experimental Biology (JEB),https://jeb.biologists.org/content/216/7/1152,"""Capture, absorb, or filter organisms"",""Capture, absorb, or filter solids""",,https://whalesandmarinefauna.wordpress.com/2013/03/14/whales-filter-feed-with-a-tangled-hair-like-net/,jeb
782,,,,"Journal of Experimental Biology (JEB),Journal of the Royal Society Interface,Journal of Comparative Physiology A",https://jeb.biologists.org/content/215/22/3965,"Attach temporarily,Protect from dirt/solids",,,jeb
783,,,,Journal of Experimental Biology (JEB),https://jeb.biologists.org/content/215/12/2072,"Attach temporarily,Modify material characteristics,Move in/on solids",,,jeb
784,,,,Journal of Experimental Biology (JEB),https://jeb.biologists.org/content/215/9/1502,"Manage impact,Manage mechanical wear,Prevent fracture/rupture",,,jeb
785,,,,Journal of Experimental Biology (JEB),https://jeb.biologists.org/content/215/9/1502,"Manage compression,Manage impact,Manage mechanical wear",,,jeb
787,,,,Journal of Experimental Biology (JEB),https://jeb.biologists.org/content/214/23/3960,Modify light/color,,,jeb
788,,,,Journal of Experimental Biology (JEB),https://jeb.biologists.org/content/214/22/3850,"Maintain homeostasis,Protect from temperature",,,jeb
789,,,,Journal of Experimental Biology (JEB),https://jeb.biologists.org/content/214/13/2215.short,Navigate through air,,,jeb
790,,,,"Comparative Biomechanics: Life's Physical World,Journal of Experimental Biology (JEB)",https://jeb.biologists.org/content/214/13/2175,"Store gases,""Capture, absorb, or filter gases""",,https://naturesraincoats.com/,jeb
791,,,,"Journal of Experimental Biology (JEB),International Review of Cell and Molecular Biology",https://jeb.biologists.org/content/214/12/2047,"Chemically assemble mineral crystals,Physically assemble structure",,,jeb
792,,,,Journal of Experimental Biology (JEB),https://jeb.biologists.org/content/214/6/915,"Expel liquids,Manage compression,Manage impact,Protect from animals",,,jeb
793,,,,Journal of Experimental Biology (JEB),https://jeb.biologists.org/content/214/5/848,"Distribute liquids,Expel liquids,Protect from ice",,,jeb
794,,,,Journal of Experimental Biology (JEB),https://jeb.biologists.org/content/214/4/521,"Attach permanently,Move in/on solids,Move in/through gases,Store energy",,,jeb
795,,,,Journal of Experimental Biology (JEB),https://jeb.biologists.org/content/213/23/4092,"Chemically assemble mineral crystals,Regulate reproduction or growth",,,jeb
796,,,,Journal of Experimental Biology (JEB),https://jeb.biologists.org/content/213/22/3920,"Attach temporarily,Move in/on solids",,,jeb
797,,,,Journal of Experimental Biology (JEB),https://jeb.biologists.org/content/213/20/3457,Protect from dirt/solids,,,jeb
800,,,,"Journal of Experimental Biology (JEB),The Hidden Powers of Animals: Uncovering the Secrets of Nature",https://jeb.biologists.org/content/213/17/2967,Move in/on liquids,,,jeb
801,,,,"Journal of Experimental Biology (JEB),PLOS One,2013 MTS/IEEE Oceans",https://jeb.biologists.org/content/213/15/2665,"Move in/on liquids,Move in/through gases",,,jeb
802,,,,JEB,https://jeb.biologists.org/content/213/10/1731,"Modify light/color,Send light signals in the visible spectrum",,,jeb
803,,,,Journal of Experimental Biology (JEB),https://jeb.biologists.org/content/213/10/1697,Adapt behaviors,,,jeb
805,,,,"The Private Life of Plants,Journal of Experimental Biology (JEB)",https://jeb.biologists.org/content/213/7/1115,"""Capture, absorb, or filter organisms""",,https://issuu.com/eggermont/docs/zq3/11?e=15278665/11095447,jeb
807,,,,"Journal of Experimental Biology (JEB),American Journal of Physiology",https://jeb.biologists.org/content/213/5/683,"Maintain homeostasis,""Modify concentration (of ions, solutes, etc)""",,,jeb
808,,,,"The grand design: Form and colour in animals,Journal of Experimental Biology (JEB)",https://jeb.biologists.org/content/213/5/673,"Attach temporarily,Distribute liquids,""Capture, absorb, or filter organisms""",,,jeb
809,,,,Journal of Experimental Biology (JEB),https://jeb.biologists.org/content/213/4/635,,,,jeb
810,,,,Journal of Experimental Biology (JEB),https://jeb.biologists.org/content/213/3/469,"Distribute energy,Move in/through gases",,https://issuu.com/eggermont/docs/zq_issue_10_final/8,jeb
811,,,,Journal of Experimental Biology (JEB),https://jeb.biologists.org/content/213/2/339,"Attach permanently,Manage impact,Manage tension",,,jeb
812,,,,"Journal of Experimental Biology (JEB),Endocrinology",https://jeb.biologists.org/content/213/2/288,"""Capture, absorb, or filter liquids""",,,jeb
813,,,,Journal of Experimental Biology (JEB),https://jeb.biologists.org/content/212/24/4010,Sense light (visible spectrum) from the environment,,,jeb
814,,,,"Journal of Experimental Biology (JEB),Science",https://jeb.biologists.org/content/212/24/4002,"Protect from animals,Transform mechanical energy,""Capture, absorb, or filter organisms""",,,jeb
815,,,,Journal of Experimental Biology (JEB),https://jeb.biologists.org/content/212/22/3621,,,,jeb
816,,,,Journal of Experimental Biology (JEB),https://jeb.biologists.org/content/212/21/3448,Protect from temperature,,https://passel2.unl.edu/view/lesson/c242ac4fbaaf,jeb
817,,,,Journal of Experimental Biology (JEB),https://jeb.biologists.org/content/212/21/3440,Maintain homeostasis,,,jeb
818,,,,Journal of Experimental Biology (JEB),https://jeb.biologists.org/content/212/21/3440,Manage compression,,,jeb
819,,,,Journal of Experimental Biology (JEB),https://jeb.biologists.org/content/212/19/3184,"Attach permanently,""Capture, absorb, or filter organisms""",,https://jeb.biologists.org/content/212/19/ii.2,jeb
820,,,,"Journal of Experimental Biology (JEB),Physical Review Letters,Mycologia",https://jeb.biologists.org/content/212/17/2835,"Distribute solids,""Capture, absorb, or filter liquids""",,,jeb
822,,,,Journal of Experimental Biology (JEB),https://jeb.biologists.org/content/212/3/429,Protect from temperature,,,jeb
824,,,,Journal of Experimental Biology (JEB),https://jeb.biologists.org/content/210/19/3319,"Manage compression,Manage impact,Manage tension",,,jeb
825,,,,Journal of Experimental Biology (JEB),https://jeb.biologists.org/content/210/17/3075,"Modify light/color,Protect from animals",,,jeb
826,,,,Journal of Experimental Biology (JEB),https://jeb.biologists.org/content/210/15/2593,Move in/through gases,,,jeb
827,,,,"Journal of Experimental Biology (JEB),Proceedings of the Royal Society B,Journal of Anatomy",https://jeb.biologists.org/content/210/14/2548,Move in/on solids,,https://jeb.biologists.org/content/210/8/i.1,jeb
828,,,,"The Hidden Powers of Animals: Uncovering the Secrets of Nature,Journal of Experimental Biology (JEB)",https://jeb.biologists.org/content/210/13/2300,"Navigate through air,Sense electricity/magnetism from the environment",,,jeb
829,,,,"Journal of Experimental Biology (JEB),Integrative and Comparative Biology",https://jeb.biologists.org/content/210/13/2253,"Maintain homeostasis,Protect from loss of gases",,https://www.newscientist.com/article/mg19426095-400-killifish-can-survive-without-oxygen-for-60-days/,jeb
830,,,,"Journal of Experimental Biology (JEB),The Hidden Powers of Animals: Uncovering the Secrets of Nature",https://jeb.biologists.org/content/210/13/2244,"Send electrical/magnetic signals,Sense electricity/magnetism from the environment",,https://www.eurekalert.org/pub_releases/2018-06/uota-fuo_1061818.php,jeb
831,,,,"Comparative Biomechanics: Life's Physical World,Journal of Experimental Biology (JEB)",https://jeb.biologists.org/content/210/13/2231,Prevent fracture/rupture,,,jeb
832,,,,"Journal of Experimental Biology (JEB),Journal of Mammalogy",https://jeb.biologists.org/content/209/5/938,"Distribute gases,Protect from dirt/solids,Protect from loss of gases",,,jeb
833,,,,"Journal of Experimental Biology (JEB),Science",https://jeb.biologists.org/content/209/4/748,"Modify light/color,Send light signals in the visible spectrum",,,jeb
835,,,,Journal of Experimental Biology (JEB),https://jeb.biologists.org/content/209/2/202,Protect from loss of liquids,,http://connection.ebscohost.com/c/articles/4358986/fragile-world-frogs,jeb
836,,,,Journal of Experimental Biology (JEB),https://jeb.biologists.org/content/209/2/202,"Protect from fungi,Protect from loss of liquids,Protect from microbes",,,jeb
837,,,,Journal of Experimental Biology (JEB),https://jeb.biologists.org/content/209/2/202,Protect from loss of liquids,,,jeb
838,,,,Journal of Experimental Biology (JEB),https://jeb.biologists.org/content/208/23/4467,"Modify phase,Protect from temperature",,,jeb
839,,,,Journal of Experimental Biology (JEB),https://jeb.biologists.org/content/208/18/3609.abstract,Protect from microbes,,,jeb
842,,,,"The grand design: Form and colour in animals,Journal of Experimental Biology (JEB)",https://jeb.biologists.org/content/208/8/1445,Move in/on liquids,,,jeb
843,,,,Journal of Experimental Biology (JEB),https://jeb.biologists.org/content/207/26/4633,Protect from temperature,,,jeb
844,,,,Journal of Experimental Biology (JEB),https://jeb.biologists.org/content/207/24/4283,"""Sense chemicals (odor, taste, etc.) from the environment""",,,jeb
845,,,,Journal of Experimental Biology (JEB),https://jeb.biologists.org/content/207/24/4249,"Sense light (non-visible spectrum) from the environment,Sense light (visible spectrum) from the environment,Sense shape and pattern in a living system",,https://jeb.biologists.org/content/213/2/i.2,jeb
846,,,,Journal of Experimental Biology (JEB),https://jeb.biologists.org/content/207/18/3131,"Maintain homeostasis,Protect from loss of gases",,,jeb
847,,,,"Courtesy of the Biomimicry Guild,Journal of Experimental Biology (JEB)",https://jeb.biologists.org/content/207/7/1127,"Attach temporarily,Modify material characteristics",,,jeb
848,,,,Journal of Experimental Biology (JEB),https://jeb.biologists.org/content/207/7/1063,Move in/through gases,,,jeb
849,,,,Journal of Experimental Biology (JEB),https://jeb.biologists.org/content/206/23/4217,"Protect from temperature,Sense temperature cues from the environment,Transform thermal energy",,,jeb
850,,,,Journal of Experimental Biology (JEB),https://jeb.biologists.org/content/205/5/651,"Maintain homeostasis,Protect from chemicals",,,jeb
851,,,,"Comparative Biomechanics: Life's Physical World,Journal of Experimental Biology (JEB)",https://jeb.biologists.org/content/203/18/2757,"Move in/on solids,Optimize shape/materials",,,jeb
852,,,,"Comparative Biomechanics: Life's Physical World,Journal of Experimental Biology (JEB)",https://jeb.biologists.org/content/202/23/3315,"Manage impact,Store energy",,,jeb
853,,,,"Comparative Biomechanics: Life's Physical World,Journal of Experimental Biology (JEB)",https://jeb.biologists.org/content/202/23/3305,"Manage tension,Prevent fracture/rupture",,,jeb
854,,,,"The grand design: Form and colour in animals,Journal of Experimental Biology (JEB)",https://jeb.biologists.org/content/202/20/2727.long,Sense sound and other vibrations from the environment,,,jeb
855,,,,"Journal of Experimental Biology (JEB),Journal of Cell Science",https://jeb.biologists.org/content/202/3/301,"Chemically assemble organic compounds,""Modify solubility (dissolving, emulsifying, precipitating, crystallizing)""",,,jeb
858,,,,"The Design in Nature,Journal of Experimental Biology (JEB),Physics Today",https://jeb.biologists.org/content/200/3/557,Modify speed,,,jeb
859,,,,"Comparative Biomechanics: Life's Physical World,Journal of Experimental Biology (JEB)",https://jeb.biologists.org/content/199/4/1005,Manage tension,,,jeb
861,,,,"Comparative Biomechanics: Life's Physical World,Fluid Dynamics in Biology,Journal of Experimental Biology (JEB)",https://jeb.biologists.org/content/193/1/233,"Adapt behaviors,Move in/on liquids,Optimize shape/materials,Physically assemble structure,""Capture, absorb, or filter solids""",,,jeb
862,,,,Journal of Experimental Biology (JEB),https://jeb.biologists.org/content/192/1/45,Move in/on liquids,,,jeb
863,,,,"Comparative Biomechanics: Life's Physical World,Journal of Experimental Biology (JEB),Science",https://jeb.biologists.org/content/163/1/1.short,Move in/on solids,,,jeb
864,,,,"Comparative Biomechanics: Life's Physical World,Journal of Experimental Biology (JEB)",https://jeb.biologists.org/content/159/1/165,"Modify position,Modify size/shape/mass/volume,Move in/on liquids,""Capture, absorb, or filter organisms""",,,jeb
865,,,,"Journal of Experimental Biology (JEB),The grand design: Form and colour in animals,Comparative Biomechanics: Life's Physical World",https://jeb.biologists.org/content/152/1/243.short,"Send sound signals,Move in/on solids,Attach temporarily",,,jeb
866,,,,Journal of Experimental Biology (JEB),https://jeb.biologists.org/content/152/1/41,"Navigate through air,Protect from animals,Respond to signals,Sense sound and other vibrations from the environment",,,jeb
867,,,,Journal of Experimental Biology (JEB),https://jeb.biologists.org/content/134/1/313,Move in/on liquids,,,jeb
868,,,,Journal of Experimental Biology (JEB),https://jeb.biologists.org/content/113/1/447.abstract,"Protect from loss of liquids,""Capture, absorb, or filter liquids""",,,jeb
869,,,,"Journal of Experimental Biology (JEB),Comparative Biomechanics: Life's Physical World",https://jeb.biologists.org/content/88/1/1,"Move in/on liquids,Transform mechanical energy,""Capture, absorb, or filter organisms""",,,jeb
870,,,,"Comparative Biomechanics: Life's Physical World,Journal of Experimental Biology (JEB)",https://jeb.biologists.org/content/69/1/127,"Modify position,""Capture, absorb, or filter organisms""",,,jeb
871,,,,"The Biology of Mangroves and Seagrasses,Journal of Experimental Biology (JEB)",https://jeb.biologists.org/content/38/3/659,Maintain homeostasis,,,jeb
872,,,,Journal of Experimental Biology (JEB),https://jeb.biologists.org/content/31/4/491,"""Capture, absorb, or filter liquids""",,,jeb
873,,,,Journal of Experimental Biology (JEB),https://jeb.biologists.org/content/21/3-4/97,"Modify material characteristics,Protect from excess liquids,Protect from loss of liquids",,,jeb
1025,,,,,https://jeb.biologists.org/content/221/4/jeb173047?etoc,,,,jeb
1026,,,,,https://pubmed.ncbi.nlm.nih.gov/28539457/,,,,pubmed
1030,,,,,https://www.pnas.org/content/116/17/8149,,,https://www.sciencedaily.com/releases/2019/04/190422100945.htm,pnas
1059,,,,,https://www.nature.com/articles/ncomms12289?WT.ec_id=NCOMMS-20160727&spMailingID=51921378&spUserID=ODkwMTM2NjQyNgS2&spJobID=963893045&spReportId=OTYzODkzMDQ1S0,,,,nature
1060,,,,,https://www.pnas.org/content/114/22/5624,,,https://www.newscientist.com/article/2131109-ladybirds-transparent-shell-reveals-how-it-folds-its-wings/,pnas
1068,,,,,https://jeb.biologists.org/content/219/22/3597,,,,jeb
1072,,,,,https://jeb.biologists.org/content/214/22/i.1,,,,jeb
1074,,,,,https://jeb.biologists.org/content/223/3/jeb214809,,,,jeb
1085,,,,,https://www.nature.com/articles/s41396-019-0494-9,,,https://www.sciencedaily.com/releases/2019/10/191011095910.htm,nature
1088,,,,,https://www.nature.com/articles/srep26889,,,https://www.sciencedaily.com/releases/2016/06/160601151935.htm,nature
1130,,,,,https://www.nature.com/articles/s41467-020-16578-x,,,https://www.sciencedaily.com/releases/2020/06/200601072957.htm,nature
1132,,,,,https://www.nature.com/articles/s41467-020-16576-z,,,https://www.sciencedaily.com/releases/2020/06/200603100514.htm,nature
1134,,,,,https://www.nature.com/articles/s41467-020-16600-2,,,https://www.sciencedaily.com/releases/2020/06/200605132429.htm,nature
1136,,,,,https://www.nature.com/articles/s41586-020-2369-7,,,"https://www.sciencedaily.com/releases/2020/06/200603132514.htm

https://www.folio.ca/respiratory-virus-builds-doorbell-to-trick-its-way-into-cells-researchers-find/",nature
1178,,,,,https://www.pnas.org/content/116/49/24457.short?rss=1,,,https://3dprintingindustry.com/news/3d-printed-biomimicry-of-bone-yields-important-discovery-for-lightweight-and-durable-engineering-166245/,pnas
1184,,,,,https://www.nature.com/articles/s41467-020-15033-1,,,https://www.sciencedaily.com/releases/2020/03/200310124715.htm,nature
1185,,,,,https://www.nature.com/articles/s41467-019-08891-x,,,https://www.sciencedaily.com/releases/2019/03/190306152406.htm,nature
1186,,,,,https://www.pnas.org/content/early/2017/06/26/1703454114.full,,,https://www.sciencealert.com/how-bee-brains-could-help-your-camera-take-better-photos,pnas
